D1-1-in,D1-1-out,D1-2-in,D1-2-out,D3-1-in,D3-1-out,D3-2-in,D3-2-out,D4-1-in,D4-1-out,D4-2-in,D4-2-out
-1.195799,0.06918,-1.4835105,0.00398,-1.4833705,4.30E-04,-1.212967,0.07265,-1.4835985,0.01617,-0.9735655,0.0733
-1.188511,0.06918,-1.4757875,0.00388,-1.4756595,-4.10E-04,-1.205975,0.07063,-1.476271,0.01496,-0.966232,0.07107
-1.1812315,0.06939,-1.4680895,0.00326,-1.4679765,0.0011,-1.198699,0.07118,-1.4689455,0.01549,-0.9589735,0.07079
-1.173924,0.06967,-1.460389,0.0031,-1.460262,2.90E-04,-1.1914215,0.06999,-1.4616515,0.01471,-0.951691,0.07193
-1.166622,0.06918,-1.452707,0.00271,-1.452576,-3.70E-04,-1.1841595,0.07027,-1.454374,0.01428,-0.9442845,0.07366
-1.1593635,0.0684,-1.4450435,0.00237,-1.4448935,9.00E-05,-1.1768795,0.07032,-1.4470445,0.01308,-0.9368685,0.07125
-1.152096,0.06897,-1.437342,0.00199,-1.437192,0.0033,-1.169615,0.07041,-1.439728,0.01133,-0.929542,0.07163
-1.144774,0.07004,-1.4296515,0.00191,-1.4295415,-0.00271,-1.162339,0.0697,-1.432457,0.01084,-0.9222005,0.07188
-1.137451,0.06886,-1.4220095,0.00147,-1.421914,0.00282,-1.1550605,0.07035,-1.425203,0.01041,-0.9148545,0.07151
-1.130123,0.07008,-1.414252,0.00129,-1.4141645,-3.70E-04,-1.1477505,0.0712,-1.41796,0.01,-0.907496,0.07209
-1.1228295,0.06811,-1.4065085,0.00113,-1.4064275,7.50E-04,-1.140422,0.07051,-1.4106355,0.01071,-0.9001565,0.07166
-1.115595,0.06924,-1.398864,0.00131,-1.398767,2.70E-04,-1.13313,0.07025,-1.403311,0.01002,-0.8928575,0.07094
-1.108307,0.06824,-1.3911695,0.00143,-1.3910455,4.50E-04,-1.1258255,0.07085,-1.395988,0.01156,-0.8855505,0.07089
-1.101029,0.0691,-1.383498,0.00121,-1.3833615,3.30E-04,-1.118526,0.07011,-1.3886545,0.00945,-0.8781575,0.07273
-1.093657,0.0707,-1.3758615,0.00126,-1.3757205,0.00128,-1.1112585,0.07038,-1.3813755,0.0094,-0.870745,0.07123
-1.0863145,0.06851,-1.368199,0.00136,-1.3680795,2.80E-04,-1.103983,0.06953,-1.3741225,0.00763,-0.8633925,0.07151
-1.079057,0.06935,-1.3604295,0.00135,-1.360308,1.80E-04,-1.0966435,0.07176,-1.366865,0.00811,-0.856046,0.07196
-1.071784,0.06828,-1.3527145,0.00137,-1.352569,2.80E-04,-1.0893045,0.07005,-1.359479,0.00836,-0.8486965,0.07166
-1.0645325,0.06896,-1.345044,0.00132,-1.344905,1.00E-04,-1.0820215,0.06987,-1.3521275,0.00934,-0.841385,0.0712
-1.057246,0.06856,-1.3373735,0.00131,-1.337239,5.70E-04,-1.074741,0.07012,-1.3448745,0.00868,-0.8340865,0.07145
-1.049955,0.0689,-1.3297425,0.00132,-1.329594,3.60E-04,-1.0674915,0.06912,-1.337596,0.00843,-0.8266635,0.07326
-1.042702,0.06841,-1.322072,0.00118,-1.321921,2.20E-04,-1.06023,0.07,-1.3303035,0.00805,-0.8192375,0.07135
-1.035497,0.06834,-1.314428,9.40E-04,-1.3142905,4.60E-04,-1.0529745,0.06891,-1.3230175,0.00886,-0.811907,0.0714
-1.028181,0.06962,-1.306798,8.80E-04,-1.306651,2.70E-04,-1.0457445,0.06956,-1.3157915,0.00981,-0.80459,0.07079
-1.0208695,0.06871,-1.2991215,0.00104,-1.2989745,3.60E-04,-1.038473,0.06963,-1.30856,0.00879,-0.7972725,0.07127
-1.0136495,0.06858,-1.2913985,7.90E-04,-1.2912655,3.90E-04,-1.0312075,0.07031,-1.3013405,0.0088,-0.7899685,0.0708
-1.006391,0.06901,-1.2837025,7.40E-04,-1.2835685,4.60E-04,-1.0238695,0.07043,-1.2940255,0.0091,-0.782666,0.07166
-0.998803,0.06819,-1.276055,8.40E-04,-1.2759155,4.70E-04,-1.0165625,0.0691,-1.2866875,0.00815,-0.7753465,0.07172
-0.9883075,0.06985,-1.268427,8.30E-04,-1.268289,4.50E-04,-1.0093455,0.06917,-1.279444,0.00775,-0.7680635,0.07068
-0.978059,0.12375,-1.260757,8.50E-04,-1.260605,4.50E-04,-1.0017535,0.06909,-1.2721725,0.00701,-0.7607055,0.07225
-0.9706905,0.06913,-1.253052,7.30E-04,-1.2529035,3.90E-04,-0.991223,0.07062,-1.2648975,0.00774,-0.753297,0.07135
-0.963409,0.06813,-1.2453745,6.00E-04,-1.2452285,3.80E-04,-0.981023,0.1238,-1.257605,0.00661,-0.7459485,0.0715
-0.9561425,0.06838,-1.237703,6.70E-04,-1.2375285,3.50E-04,-0.973672,0.07154,-1.2503315,0.00733,-0.7386205,0.07108
-0.9488345,0.06852,-1.2301205,7.10E-04,-1.229943,3.30E-04,-0.966341,0.06924,-1.243047,0.0058,-0.731337,0.07044
-0.9414165,0.07054,-1.222557,5.10E-04,-1.2223875,3.60E-04,-0.9590985,0.06919,-1.2357355,0.00675,-0.724,0.072
-0.934001,0.06887,-1.2148725,5.30E-04,-1.214707,3.90E-04,-0.951807,0.07018,-1.228532,0.00507,-0.7166625,0.07023
-0.926677,0.06882,-1.207105,7.00E-04,-1.2069605,3.20E-04,-0.9443835,0.07181,-1.221335,0.00621,-0.709327,0.07168
-0.919351,0.06894,-1.199374,8.90E-04,-1.199246,3.90E-04,-0.9369625,0.06976,-1.214035,0.00441,-0.701981,0.07081
-0.912018,0.06896,-1.1917035,4.10E-04,-1.191573,3.60E-04,-0.929633,0.06979,-1.206689,0.00466,-0.694714,0.07034
-0.904674,0.0691,-1.1840235,6.50E-04,-1.1838985,3.20E-04,-0.922291,0.07039,-1.199368,0.00524,-0.687431,0.07059
-0.8973525,0.06872,-1.1763415,6.10E-04,-1.1762115,3.40E-04,-0.9149425,0.06975,-1.1920845,0.00664,-0.680149,0.07034
-0.890041,0.06883,-1.1686645,4.10E-04,-1.168501,3.20E-04,-0.907587,0.07015,-1.184817,0.00561,-0.6727725,0.07256
-0.8827235,0.06836,-1.1610145,5.00E-04,-1.16085,3.40E-04,-0.900245,0.06967,-1.1775345,0.00419,-0.6653925,0.0702
-0.875343,0.0697,-1.15337,6.10E-04,-1.153229,4.00E-04,-0.8929395,0.06912,-1.170244,0.00399,-0.658059,0.07157
-0.867965,0.06853,-1.1456445,4.80E-04,-1.145496,3.20E-04,-0.885631,0.0695,-1.162977,0.00365,-0.6507065,0.07063
-0.860622,0.06936,-1.1379025,2.20E-04,-1.1377475,3.20E-04,-0.8782355,0.07089,-1.1557295,0.00463,-0.643369,0.07119
-0.8532645,0.06841,-1.130193,7.70E-04,-1.1300355,3.40E-04,-0.8708225,0.06929,-1.148448,0.0055,-0.6360095,0.07117
-0.8459365,0.06846,-1.1225105,8.30E-04,-1.1223475,3.40E-04,-0.8634775,0.06943,-1.141108,0.00813,-0.6286695,0.07069
-0.8386355,0.06778,-1.1148385,5.60E-04,-1.114681,3.40E-04,-0.8561345,0.06949,-1.1337925,0.00494,-0.6213385,0.07058
-0.831338,0.06805,-1.1071885,3.40E-04,-1.107029,3.20E-04,-0.848788,0.06912,-1.126487,0.00594,-0.6140095,0.07083
-0.8239225,0.06954,-1.0995545,3.90E-04,-1.0993845,3.10E-04,-0.8414795,0.06868,-1.119184,0.0038,-0.606629,0.07174
-0.8165,0.06811,-1.091804,5.20E-04,-1.0916415,3.10E-04,-0.8341785,0.06916,-1.1118915,0.00466,-0.5992585,0.07034
-0.80915,0.06799,-1.084072,3.90E-04,-1.08376,2.90E-04,-0.826741,0.0711,-1.1046365,0.00444,-0.59193,0.07072
-0.801845,0.06705,-1.0763765,6.60E-04,-1.075784,2.90E-04,-0.819307,0.06898,-1.0973505,0.00433,-0.584595,0.07083
-0.79455,0.06793,-1.068683,3.60E-04,-1.0678145,2.90E-04,-0.811974,0.06941,-1.090001,0.00483,-0.577281,0.07041
-0.787246,0.06695,-1.06103,5.50E-04,-1.0598505,2.70E-04,-0.8046465,0.06869,-1.082706,0.00476,-0.5699565,0.07066
-0.779962,0.06731,-1.0533715,2.30E-04,-1.051904,2.50E-04,-0.797337,0.06884,-1.0754275,0.00465,-0.562625,0.07073
-0.7726685,0.06728,-1.045744,4.20E-04,-1.0439695,2.90E-04,-0.790029,0.06868,-1.068164,0.0046,-0.555222,0.07185
-0.7653695,0.06719,-1.0381165,3.70E-04,-1.0360595,3.00E-04,-0.782714,0.06869,-1.0609085,0.00457,-0.547824,0.06957
-0.7579755,0.06882,-1.0304145,4.10E-04,-1.0280435,2.90E-04,-0.775396,0.06854,-1.0536355,0.00409,-0.5405095,0.07113
-0.7506065,0.06728,-1.022677,4.00E-05,-1.020022,3.50E-04,-0.7681135,0.06806,-1.046378,0.00421,-0.533188,0.06981
-0.743314,0.06766,-1.0149985,6.20E-04,-1.012098,3.80E-04,-0.760762,0.06953,-1.039119,0.00457,-0.525856,0.07046
-0.736024,0.06713,-1.0073435,3.50E-04,-1.0028985,3.60E-04,-0.7533725,0.06854,-1.031881,0.00494,-0.5185535,0.07053
-0.728714,0.06785,-0.999335,2.60E-04,-0.9911355,3.60E-04,-0.746047,0.06842,-1.0245565,0.00462,-0.5112405,0.07052
-0.7213435,0.06799,-0.988459,6.10E-04,-0.980944,4.60E-04,-0.738721,0.06834,-1.0172455,0.00437,-0.50391,0.06994
-0.7140215,0.06667,-0.9780415,-5.20E-04,-0.973313,-1.10E-04,-0.7314215,0.06777,-1.0100195,0.00479,-0.496596,0.07053
-0.7066845,0.06808,-0.970547,0.00189,-0.965363,7.00E-04,-0.7240795,0.06908,-1.0021265,0.00483,-0.4891885,0.07179
-0.699326,0.06667,-0.962974,-3.10E-04,-0.957462,3.00E-05,-0.7167495,0.06743,-0.9913015,0.00556,-0.4818205,0.0696
-0.692072,0.066,-0.9553525,5.50E-04,-0.9495525,6.40E-04,-0.709417,0.06916,-0.981102,0.00825,-0.474551,0.06984
-0.6848095,0.06696,-0.9477295,3.70E-04,-0.941522,2.90E-04,-0.70206,0.06799,-0.973751,0.00459,-0.467276,0.06939
-0.6774435,0.06757,-0.940009,4.90E-04,-0.9334775,3.30E-04,-0.6947715,0.06775,-0.9664145,0.00407,-0.459962,0.07076
-0.670055,0.0671,-0.932267,6.60E-04,-0.9254915,3.70E-04,-0.6874965,0.06733,-0.9591645,0.00385,-0.4526135,0.0702
-0.662737,0.06628,-0.9245995,-1.40E-04,-0.9175075,2.80E-04,-0.680234,0.06734,-0.9518765,0.00388,-0.4452855,0.06959
-0.6554025,0.06728,-0.916923,5.90E-04,-0.9094935,2.90E-04,-0.6728515,0.06953,-0.944455,0.00354,-0.4379005,0.07102
-0.6480575,0.06664,-0.9092195,1.50E-04,-0.90152,3.70E-04,-0.6654655,0.06713,-0.937027,0.00393,-0.4305475,0.06937
-0.640702,0.06758,-0.9015185,2.00E-04,-0.8935955,2.10E-04,-0.65813,0.06848,-0.929695,0.00371,-0.423321,0.06828
-0.633326,0.06658,-0.8938545,5.90E-04,-0.8856475,4.70E-04,-0.650771,0.06775,-0.922352,0.00353,-0.416099,0.06925
-0.626024,0.06607,-0.8861985,0.00249,-0.8776165,2.30E-04,-0.643434,0.0679,-0.9149995,0.00334,-0.408722,0.0716
-0.6187375,0.06596,-0.878499,-0.00359,-0.8695705,3.20E-04,-0.636078,0.06788,-0.907637,0.00372,-0.4013225,0.06929
-0.611401,0.0665,-0.870756,0.00142,-0.8616065,3.80E-04,-0.6287485,0.06711,-0.9002975,0.00377,-0.3939885,0.07021
-0.604003,0.0668,-0.8630465,7.10E-04,-0.8536155,2.90E-04,-0.621428,0.06747,-0.892996,0.00367,-0.386609,0.07064
-0.5966585,0.06566,-0.855368,1.30E-04,-0.8456315,3.10E-04,-0.6141045,0.06717,-0.88569,0.00338,-0.379248,0.0692
-0.5893045,0.06718,-0.8476925,8.20E-04,-0.8376925,2.80E-04,-0.6067295,0.06828,-0.8783075,0.00359,-0.3718685,0.07063
-0.5819175,0.06646,-0.84004,2.00E-04,-0.8296935,4.60E-04,-0.5993565,0.06663,-0.8709065,0.00399,-0.3644915,0.0698
-0.574606,0.06565,-0.832404,3.50E-04,-0.8216515,1.80E-04,-0.5920255,0.0672,-0.8635635,0.00362,-0.3571895,0.06876
-0.5672845,0.0662,-0.8246505,2.80E-04,-0.8136405,3.50E-04,-0.584687,0.06684,-0.856225,0.00344,-0.3498805,0.06928
-0.559856,0.06757,-0.816898,2.70E-04,-0.8056725,2.60E-04,-0.5773605,0.06692,-0.848883,0.00314,-0.34253,0.06978
-0.5524665,0.06522,-0.809222,1.80E-04,-0.79772,2.80E-04,-0.5700255,0.0668,-0.8415775,0.00309,-0.335131,0.07041
-0.5451465,0.06555,-0.8015755,1.40E-04,-0.7897505,2.90E-04,-0.562696,0.06659,-0.8342795,0.00366,-0.3277835,0.069
-0.5378245,0.06508,-0.7939315,1.40E-04,-0.781803,2.60E-04,-0.5552965,0.06787,-0.826846,0.00432,-0.320444,0.06982
-0.5305245,0.0649,-0.7862975,1.60E-04,-0.773854,2.50E-04,-0.5478925,0.06651,-0.819411,0.00399,-0.313062,0.06892
-0.523187,0.06527,-0.7786615,-1.90E-04,-0.765936,2.70E-04,-0.5405775,0.06599,-0.8120675,0.00434,-0.3057335,0.06866
-0.515857,0.06483,-0.7710175,5.40E-04,-0.757926,2.80E-04,-0.5332725,0.06582,-0.804732,0.0042,-0.2984175,0.0692
-0.508557,0.06437,-0.763375,3.50E-04,-0.7498875,2.80E-04,-0.525943,0.06608,-0.797418,0.00394,-0.2910285,0.07028
-0.5012785,0.06383,-0.7556405,-1.40E-04,-0.741967,3.30E-04,-0.518624,0.06537,-0.7901195,0.00406,-0.283621,0.06922
-0.4939385,0.06504,-0.7479245,2.30E-04,-0.7340405,3.50E-04,-0.51132,0.06533,-0.782822,0.00361,-0.2762955,0.06868
-0.486561,0.06453,-0.7402715,-4.00E-05,-0.726083,2.80E-04,-0.5040125,0.0652,-0.775504,0.00324,-0.268965,0.06963
-0.47922,0.06396,-0.7326395,3.50E-04,-0.7181155,2.90E-04,-0.496708,0.06528,-0.768217,0.00304,-0.261626,0.06892
-0.471925,0.06307,-0.7249515,3.80E-04,-0.7101135,2.30E-04,-0.4892945,0.06671,-0.760868,0.0034,-0.2542865,0.06913
-0.464638,0.06367,-0.7172855,1.70E-04,-0.7021355,3.00E-04,-0.48191,0.0646,-0.753486,0.00348,-0.2469375,0.06802
-0.45726,0.06428,-0.7095945,4.20E-04,-0.6942575,2.60E-04,-0.474625,0.06489,-0.746163,0.00371,-0.239669,0.0671
-0.449893,0.0632,-0.7018985,5.10E-04,-0.6863615,2.90E-04,-0.4673305,0.06416,-0.7388515,0.00354,-0.2324055,0.06809
-0.442537,0.06382,-0.694319,1.90E-04,-0.678365,2.90E-04,-0.460004,0.06507,-0.731581,0.00322,-0.225038,0.06908
-0.435179,0.06253,-0.6866765,2.80E-04,-0.6703295,2.90E-04,-0.4526445,0.06486,-0.724253,0.00351,-0.2176675,0.06809
-0.4278735,0.06257,-0.679,2.30E-04,-0.6623365,3.00E-04,-0.4453095,0.06402,-0.716921,0.00396,-0.2103465,0.06777
-0.4206225,0.06127,-0.6712735,1.90E-04,-0.6543495,2.80E-04,-0.4379235,0.06496,-0.709583,0.00364,-0.203069,0.06761
-0.4133885,0.06167,-0.663549,1.10E-04,-0.646386,3.10E-04,-0.430568,0.06332,-0.702211,0.00381,-0.1957895,0.06755
-0.405995,0.06396,-0.6558785,3.70E-04,-0.638382,2.90E-04,-0.423348,0.0621,-0.694913,0.00337,-0.1884195,0.06838
-0.3985905,0.06181,-0.648202,1.10E-04,-0.6303905,2.90E-04,-0.4161305,0.06296,-0.687632,0.0038,-0.1810715,0.06729
-0.391244,0.06228,-0.6405045,1.40E-04,-0.622448,3.00E-04,-0.4087515,0.06479,-0.6803595,0.00401,-0.1737235,0.06819
-0.3838895,0.06147,-0.632809,3.10E-04,-0.61447,3.10E-04,-0.4013495,0.06275,-0.672973,0.00382,-0.1663775,0.06701
-0.3765685,0.06123,-0.625136,4.20E-04,-0.6064565,2.90E-04,-0.394025,0.06283,-0.665577,0.00345,-0.159106,0.06686
-0.3692145,0.06135,-0.617465,4.50E-04,-0.5984155,3.00E-04,-0.386665,0.06314,-0.6582375,0.00354,-0.1519045,0.06515
-0.36189,0.06027,-0.609763,3.70E-04,-0.5904245,3.10E-04,-0.3793055,0.06182,-0.650876,0.00345,-0.1446735,0.06703
-0.3545835,0.06056,-0.6020395,3.20E-04,-0.582426,3.00E-04,-0.3719125,0.06304,-0.643539,0.00304,-0.137254,0.06864
-0.347279,0.05963,-0.5943525,2.30E-04,-0.574454,3.00E-04,-0.364527,0.06186,-0.6361815,0.00304,-0.129831,0.0663
-0.3398895,0.06137,-0.586663,2.30E-04,-0.5665185,3.30E-04,-0.357222,0.06097,-0.6288625,0.00312,-0.122458,0.06738
-0.3324765,0.05952,-0.578957,3.10E-04,-0.558471,3.30E-04,-0.349917,0.06112,-0.621551,0.00348,-0.1151295,0.06586
-0.325103,0.05976,-0.5712885,2.50E-04,-0.5504355,3.30E-04,-0.3425745,0.06109,-0.6142205,0.00381,-0.1078085,0.07003
-0.317711,0.05929,-0.5636525,2.60E-04,-0.5424775,3.20E-04,-0.335177,0.06114,-0.6068395,0.00357,-0.1000975,0.06914
-0.3104085,0.05803,-0.555903,2.40E-04,-0.534539,3.30E-04,-0.327833,0.05975,-0.5994615,0.00349,-0.092453,0.0684
-0.303108,0.0585,-0.5481455,2.70E-04,-0.526578,3.70E-04,-0.320494,0.06054,-0.592126,0.00364,-0.0848115,0.06864
-0.2957665,0.05792,-0.5404945,2.60E-04,-0.5186025,4.00E-04,-0.3131225,0.05928,-0.584784,0.00387,-0.0769645,0.06754
-0.2883715,0.05863,-0.5328315,2.60E-04,-0.5106575,-1.30E-04,-0.3058125,0.05881,-0.5774455,0.00456,-0.0691675,0.07047
-0.280977,0.05717,-0.52514,2.50E-04,-0.5027115,7.40E-04,-0.2985005,0.05853,-0.570099,0.00481,-0.0614005,0.06753
-0.2736515,0.05676,-0.517493,3.30E-04,-0.494764,5.30E-04,-0.2911,0.05907,-0.562768,0.00489,-0.053653,0.06929
-0.266332,0.05625,-0.5098655,3.70E-04,-0.4867465,3.70E-04,-0.2836835,0.05787,-0.555357,0.00465,-0.045872,0.06739
-0.2589965,0.05624,-0.5022505,3.80E-04,-0.478765,2.60E-04,-0.2763645,0.05686,-0.5479465,0.00412,-0.038171,0.06733
-0.251677,0.05516,-0.494605,3.60E-04,-0.470858,3.00E-04,-0.2690485,0.05674,-0.540635,0.00432,-0.030429,0.06724
-0.2443705,0.05485,-0.486865,2.80E-04,-0.4629165,4.50E-04,-0.2617135,0.05604,-0.5333285,0.00425,-0.022615,0.06799
-0.237089,0.05369,-0.479154,3.00E-04,-0.454924,3.30E-04,-0.2543725,0.05563,-0.5259865,0.00481,-0.0148215,0.06623
-0.229818,0.05361,-0.471547,2.70E-04,-0.4469375,3.10E-04,-0.247033,0.05483,-0.51866,0.00486,-0.0069805,0.06821
-0.222448,0.05403,-0.4639225,3.20E-04,-0.4389435,3.70E-04,-0.2397615,0.05346,-0.51135,0.00448,0.001048,0.0684
-0.2150755,0.05268,-0.4562055,1.90E-04,-0.430973,3.70E-04,-0.2324895,0.05332,-0.5040535,0.00423,0.0089265,0.06686
-0.2077705,0.05179,-0.4485455,1.00E-05,-0.4230915,3.60E-04,-0.225129,0.05652,-0.4967665,0.00414,0.0167635,0.06443
-0.200454,0.05418,-0.440859,5.70E-04,-0.415238,4.20E-04,-0.217594,0.05445,-0.489356,0.00402,0.0246115,0.06331
-0.19296,0.05337,-0.4331545,8.00E-05,-0.407201,4.00E-04,-0.2099215,0.05384,-0.481981,0.00384,0.0322805,0.0627
-0.1853125,0.05219,-0.4255895,3.50E-04,-0.3991585,3.90E-04,-0.20229,0.05191,-0.4746985,0.00373,0.039976,0.06289
-0.177645,0.05162,-0.417999,2.50E-04,-0.3912,3.80E-04,-0.1946655,0.05156,-0.46741,0.00372,0.047728,0.0622
-0.169881,0.05109,-0.410299,2.80E-04,-0.383208,3.80E-04,-0.1869985,0.05083,-0.4600885,0.0037,0.055484,0.06161
-0.162202,0.04896,-0.402544,2.90E-04,-0.375226,4.50E-04,-0.1793215,0.04918,-0.452714,0.0037,0.0631705,0.05979
-0.15469,0.04768,-0.394821,3.50E-04,-0.3672235,3.80E-04,-0.171585,0.04888,-0.445367,0.00382,0.07083,0.05898
-0.147133,0.04702,-0.387135,3.70E-04,-0.3592865,4.30E-04,-0.1639055,0.04656,-0.437989,0.00398,0.078565,0.05895
-0.139415,0.04767,-0.37947,3.70E-04,-0.3513225,4.20E-04,-0.15637,0.04424,-0.4306425,0.00379,0.0863035,0.05745
-0.13169,0.04498,-0.37178,3.70E-04,-0.343319,4.50E-04,-0.148813,0.04357,-0.4234165,0.00361,0.094063,0.05667
-0.1239955,0.04431,-0.3640825,4.50E-04,-0.3352805,4.40E-04,-0.14109,0.04367,-0.416193,0.00358,0.101805,0.05527
-0.116337,0.04236,-0.356428,3.80E-04,-0.3272665,4.30E-04,-0.1333335,0.04038,-0.40883,0.00396,0.109489,0.05122
-0.108678,0.04203,-0.348757,3.90E-04,-0.319293,4.60E-04,-0.125665,0.03909,-0.4014315,0.00429,0.1169675,0.05438
-0.1007235,0.04018,-0.341049,3.80E-04,-0.3113045,4.70E-04,-0.117985,0.03747,-0.394095,0.00443,0.1244,0.04747
-0.09302,0.03809,-0.3333415,3.40E-04,-0.303336,5.00E-04,-0.1103045,0.03512,-0.3867295,0.0047,0.131947,0.04736
-0.085368,0.03685,-0.325659,3.70E-04,-0.295344,4.90E-04,-0.1026115,0.0335,-0.379381,0.00429,0.1393465,0.0447
-0.0775325,0.03472,-0.317962,4.10E-04,-0.287292,4.90E-04,-0.094733,0.03118,-0.3720095,0.00437,0.146717,0.04309
-0.069754,0.03431,-0.3103005,4.50E-04,-0.2792705,4.60E-04,-0.08705,0.0288,-0.364619,0.00447,0.1540565,0.04019
-0.061973,0.03159,-0.302657,4.40E-04,-0.271318,4.90E-04,-0.0793845,0.02689,-0.357313,0.00436,0.1613865,0.03903
-0.054248,0.03006,-0.294994,4.50E-04,-0.2633495,5.20E-04,-0.0714385,0.02527,-0.350005,0.00477,0.168741,0.03583
-0.0464925,0.02778,-0.2872475,4.30E-04,-0.2553805,5.30E-04,-0.0636575,0.02245,-0.3426555,0.00486,0.1760585,0.03374
-0.0387915,0.02698,-0.279489,3.70E-04,-0.2473975,5.70E-04,-0.055904,0.02144,-0.335266,0.00488,0.183361,0.03072
-0.030946,0.02476,-0.2718365,3.60E-04,-0.2394825,5.60E-04,-0.048053,0.01869,-0.327908,0.00559,0.1906595,0.02824
-0.022922,0.02287,-0.264189,3.60E-04,-0.231567,5.80E-04,-0.040135,0.01659,-0.320545,0.00653,0.1980725,0.02625
-0.0148805,0.0203,-0.256532,3.40E-04,-0.223548,6.40E-04,-0.0321895,0.01475,-0.313168,0.00683,0.2054775,0.02239
-0.0067425,0.0182,-0.24889,3.70E-04,-0.2155525,6.50E-04,-0.0241925,0.01302,-0.3058595,0.00669,0.212865,0.02025
0.0013905,0.01619,-0.241272,3.70E-04,-0.2076245,6.80E-04,-0.016125,0.01128,-0.298559,0.00667,0.220256,0.01762
0.009247,0.01422,-0.233643,3.80E-04,-0.199702,7.00E-04,-0.0079845,0.0096,-0.291176,0.00678,0.2275465,0.01538
0.017063,0.01228,-0.2259545,3.90E-04,-0.191717,7.30E-04,1.62E-04,0.00837,-0.2837635,0.00684,0.2348635,0.01386
0.025016,0.01063,-0.218229,4.20E-04,-0.1837395,7.60E-04,0.008019,0.00714,-0.27645,0.00699,0.242168,0.01168
0.0329495,0.00892,-0.2103945,5.40E-04,-0.1757545,8.00E-04,0.0158285,0.00617,-0.2691405,0.00835,0.2495525,0.01016
0.0408675,0.00745,-0.202466,4.90E-04,-0.1677465,8.70E-04,0.023806,0.00527,-0.2618115,0.00889,0.256964,0.00863
0.048878,0.00641,-0.194529,5.10E-04,-0.159789,8.90E-04,0.031721,0.00449,-0.2544835,0.00981,0.264297,0.00801
0.056861,0.00514,-0.1865455,5.90E-04,-0.1519475,9.30E-04,0.039636,0.00392,-0.2471405,0.01131,0.271638,0.00773
0.064781,0.00419,-0.178557,5.80E-04,-0.1441025,0.00103,0.0476375,0.00344,-0.2398655,0.01269,0.2789405,0.00697
0.072709,0.00356,-0.170554,6.10E-04,-0.13602,0.00111,0.0556385,0.00296,-0.2325965,0.0144,0.2862475,0.00646
0.080669,0.0028,-0.162549,6.40E-04,-0.127977,0.00118,0.063586,0.00258,-0.225225,0.01661,0.2935375,0.00602
0.0886475,0.00242,-0.1546985,7.00E-04,-0.1200125,0.00128,0.0715205,0.00229,-0.2178465,0.01839,0.3008215,0.00529
0.096635,0.00199,-0.146862,7.80E-04,-0.11204,0.0014,0.0794925,0.00203,-0.2105235,0.0209,0.3081035,0.00477
0.1046535,0.00167,-0.1388035,9.30E-04,-0.1040775,0.00154,0.0874655,0.00179,-0.2032215,0.02344,0.3154655,0.00485
0.1125745,0.00137,-0.130771,0.00103,-0.095912,0.00167,0.0954955,0.00163,-0.195918,0.02627,0.3228685,0.00485
0.1202975,0.00116,-0.1227855,0.00115,-0.0879725,0.00189,0.103501,0.00147,-0.1885615,0.02952,0.3301835,0.0046
0.128163,0.00109,-0.1148155,0.00132,-0.0800145,0.00211,0.111408,0.00129,-0.181223,0.03151,0.337496,0.00445
0.136189,8.60E-04,-0.106841,0.00159,-0.071771,0.00239,0.119114,0.00123,-0.1738905,0.03447,0.3448185,0.00442
0.144026,7.60E-04,-0.0986415,0.00186,-0.0637325,0.00272,0.1269215,0.00111,-0.166547,0.03684,0.3521625,0.00432
0.151695,6.50E-04,-0.090712,0.00223,-0.055755,0.00311,0.134979,0.00103,-0.159247,0.03898,0.359505,0.00444
0.1593535,6.30E-04,-0.082774,0.00263,-0.047758,0.00353,0.1429655,9.30E-04,-0.15204,0.03986,0.3668505,0.00448
0.167052,5.50E-04,-0.0745925,0.00341,-0.0398085,0.0041,0.150952,8.70E-04,-0.1448275,0.04328,0.3741915,0.00443
0.1747185,5.30E-04,-0.066558,0.00383,-0.031843,0.00475,0.158919,8.40E-04,-0.137413,0.04623,0.381412,0.00362
0.182382,5.00E-04,-0.058554,0.00524,-0.0238335,0.00553,0.166898,7.50E-04,-0.1299835,0.04928,0.388648,0.00478
0.1900245,4.90E-04,-0.050552,0.00567,-0.0157845,0.00642,0.174869,7.00E-04,-0.122459,0.05135,0.396064,0.00441
0.1977475,5.20E-04,-0.042566,0.00734,-0.007639,0.00736,0.182797,7.00E-04,-0.1148165,0.0521,0.403455,0.00386
0.2054995,4.20E-04,-0.0346075,0.0083,4.91E-04,0.0086,0.190749,6.40E-04,-0.107155,0.05477,0.410774,0.00426
0.2132065,4.80E-04,-0.0266695,0.0099,0.0083565,0.00999,0.1987895,6.70E-04,-0.099243,0.05476,0.418125,0.00424
0.220885,4.80E-04,-0.018609,0.01211,0.0161685,0.01149,0.2068215,6.00E-04,-0.091564,0.05592,0.425452,0.00398
0.2285445,4.50E-04,-0.010393,0.01386,0.0241295,0.01318,0.214795,6.10E-04,-0.083894,0.0579,0.4328115,0.00388
0.236206,4.80E-04,-0.0022785,0.01497,0.032065,0.01493,0.2227785,5.50E-04,-0.076058,0.05785,0.4401855,0.00409
0.2439195,4.00E-04,0.005757,0.0177,0.039994,0.01702,0.2307525,5.30E-04,-0.0682775,0.06149,0.4475185,0.00406
0.2517055,4.30E-04,0.0136125,0.01962,0.048024,0.01952,0.2386705,5.30E-04,-0.0604715,0.06043,0.4548515,0.00404
0.2593815,5.10E-04,0.021426,0.02166,0.05605,0.02048,0.246714,5.10E-04,-0.0527365,0.0619,0.462236,0.00404
0.2670395,3.40E-04,0.0293455,0.02383,0.063874,0.02257,0.2548045,4.90E-04,-0.044991,0.0622,0.469631,0.0035
0.274706,4.60E-04,0.0372515,0.02472,0.071567,0.0251,0.26278,4.50E-04,-0.037286,0.0629,0.4769585,0.00369
0.2823565,3.30E-04,0.0451315,0.02727,0.079299,0.02724,0.2707665,4.50E-04,-0.0295575,0.06331,0.4843255,0.00391
0.290044,4.70E-04,0.052899,0.02925,0.0870435,0.02953,0.278696,4.30E-04,-0.021751,0.06547,0.491663,0.0039
0.2976675,3.10E-04,0.060597,0.03116,0.0948145,0.03202,0.286639,4.20E-04,-0.01397,0.06671,0.4989575,0.00384
0.305275,4.00E-04,0.068268,0.03215,0.1025435,0.03336,0.2945725,4.40E-04,-0.006024,0.06717,0.50627,0.00399
0.312986,3.60E-04,0.0760015,0.03491,0.110212,0.03556,0.302492,4.00E-04,0.002109,0.06822,0.513671,0.00359
0.3207015,2.10E-04,0.0837335,0.03603,0.1176885,0.03728,0.3104825,4.40E-04,0.009954,0.06549,0.521088,0.0035
0.32832,2.10E-04,0.0914425,0.03814,0.1251345,0.03945,0.3185005,3.90E-04,0.017659,0.06653,0.52839,0.00355
0.3359635,1.40E-04,0.0991905,0.03967,0.1328525,0.04142,3.26E-01,4.00E-04,0.025431,0.06714,0.5357145,0.00342
0.343645,8.00E-05,0.1069315,0.0408,0.140582,0.04236,0.3343845,3.70E-04,0.0331025,0.06567,0.543029,0.00355
0.351338,1.00E-04,0.1146215,0.04201,0.148213,0.04416,0.342305,3.70E-04,0.040762,0.06751,0.5503425,0.00332
0.359042,1.50E-04,0.1221145,0.04363,0.155879,0.04573,0.350272,4.00E-04,0.048534,0.06846,0.557649,0.0035
0.36673,6.00E-05,0.1296655,0.04582,0.1636325,0.04759,0.358274,3.40E-04,0.056279,0.06784,0.5649315,0.00357
0.374382,1.70E-04,0.137354,0.04569,0.171304,0.04781,0.366269,3.50E-04,0.0639565,0.06789,0.572241,0.00337
0.381934,1.70E-04,0.1450445,0.04735,0.1789335,0.0497,0.3742445,3.40E-04,0.0716345,0.06838,0.579614,0.00351
0.389516,1.90E-04,0.1527155,0.04786,0.1865835,0.04995,0.3821115,3.00E-04,0.079366,0.06902,0.5870385,0.00364
0.3972335,3.10E-04,0.160366,0.04964,0.194274,0.05284,0.3899805,3.50E-04,0.087121,0.06931,0.5943625,0.00355
0.4049625,2.80E-04,0.1680745,0.04975,0.2020375,0.05004,0.398031,3.20E-04,0.094906,0.06702,0.601613,0.0034
0.4126855,3.30E-04,0.175751,0.05105,0.2095795,0.05359,0.406067,3.00E-04,0.1026555,0.07256,0.6089155,0.0029
0.4203465,3.20E-04,0.1834005,0.04891,0.2170915,0.05233,0.414063,3.60E-04,0.110328,0.06643,0.6162555,0.00265
0.428,2.50E-04,0.1908745,0.05285,0.2245725,0.05211,0.422051,3.10E-04,0.11779,0.06897,0.6235865,0.00254
0.435702,3.20E-04,0.1984475,0.05187,0.2318795,0.0534,0.4300435,3.30E-04,0.125074,0.06649,0.6309245,0.00301
0.4433555,2.30E-04,0.2060155,0.05125,0.2391895,0.05396,0.4380415,3.20E-04,0.132459,0.06793,0.6382765,0.00307
0.451014,3.40E-04,0.213376,0.05285,0.2465925,0.0563,0.4459995,3.00E-04,0.139847,0.06662,0.6456125,0.00293
0.458671,2.60E-04,0.220746,0.05279,0.254025,0.05535,0.453925,2.80E-04,0.1472145,0.06733,0.6528735,0.00258
0.466405,2.90E-04,0.2280395,0.05309,0.2613355,0.05562,0.461927,3.00E-04,0.1545855,0.0668,0.660137,0.00273
0.474155,2.90E-04,0.2353465,0.05422,0.2686505,0.05678,0.4699865,2.20E-04,0.161975,0.06867,0.667537,0.00304
0.4818725,3.00E-04,0.2426455,0.05391,0.275992,0.05671,0.4779985,2.90E-04,0.1693215,0.06687,0.674927,0.00288
0.4895635,2.80E-04,0.2500425,0.05678,0.283334,0.05785,0.485974,2.60E-04,0.176628,0.06768,0.682254,0.00299
0.497211,1.20E-04,0.257426,0.05475,0.2906735,0.05788,0.493916,2.90E-04,0.1839515,0.0668,0.689571,0.0032
0.504844,1.30E-04,0.2647195,0.05633,0.297962,0.05743,0.501878,2.80E-04,0.1912465,0.06767,0.6969175,0.00329
0.512554,1.90E-04,0.2720595,0.05644,0.305247,0.05863,0.509813,2.60E-04,0.1986615,0.06967,0.7043065,0.00316
0.5203435,2.00E-04,0.279396,0.05729,0.3126015,0.05979,0.517879,3.10E-04,0.2060705,0.06819,0.7116545,0.00353
0.528001,1.00E-04,0.286726,0.05704,0.3199605,0.05933,0.525922,2.70E-04,0.2134285,0.06892,0.718955,0.00349
0.5356385,1.30E-04,0.294013,0.05753,0.327253,0.05942,0.5338675,2.50E-04,0.2208105,0.06796,0.7262525,0.00374
0.543325,1.90E-04,0.3013035,0.05836,0.3345345,0.06026,0.541835,2.40E-04,0.2281185,0.06752,0.733626,0.0035
0.5509785,2.30E-04,0.3085985,0.05751,0.341856,0.06062,0.5497935,2.30E-04,0.2354265,0.0687,0.741008,0.00276
0.5586095,2.10E-04,0.3159765,0.05955,0.349213,0.06124,0.5577565,2.50E-04,0.242727,0.06793,0.748385,0.00238
0.566252,1.70E-04,0.323382,0.05914,0.356559,0.0612,0.565672,2.90E-04,0.250123,0.07026,0.7557445,0.0025
0.573886,2.30E-04,0.3306665,0.0588,0.3639035,0.06169,0.5736285,2.40E-04,0.257507,0.06784,0.7630575,0.00235
0.5815715,2.60E-04,0.3379485,0.0598,0.3712605,0.06203,0.581632,2.80E-04,0.264815,0.06923,0.7703985,0.00256
0.589308,2.80E-04,0.3452695,0.05979,0.3785445,0.06129,0.5896175,2.60E-04,0.272164,0.06838,0.7776985,0.00298
0.596933,1.80E-04,0.35261,0.06044,0.3857795,0.06135,0.5975575,2.40E-04,0.2794915,0.06899,0.78509,0.00292
0.604545,1.50E-04,0.35995,0.06017,0.393058,0.06253,0.605476,2.50E-04,0.2868235,0.06881,0.792499,0.00289
0.6122365,1.90E-04,0.367285,0.06087,0.40048,0.06461,0.613439,2.90E-04,0.294121,0.0684,0.79982,0.00314
0.6199285,2.00E-04,0.374621,0.06069,0.407911,0.06292,0.621421,2.20E-04,0.3014075,0.06906,0.8071195,0.00344
0.6275765,2.30E-04,0.3818245,0.05916,0.4152875,0.06406,0.6294,2.60E-04,0.3087015,0.06871,0.8144295,0.00365
0.635283,2.70E-04,0.3890375,0.06132,0.422618,0.06283,0.6374145,2.50E-04,0.3160825,0.0704,0.821799,0.00332
0.642991,1.30E-04,0.39646,0.06316,0.429951,0.06447,0.6453905,2.30E-04,0.32348,0.06909,0.8291345,0.00318
0.6505695,9.00E-05,0.403876,0.06151,0.437279,0.06313,0.6533015,2.40E-04,0.3307655,0.06868,0.836454,0.00332
0.6581845,-1.90E-04,0.411215,0.06224,0.4445655,0.06435,0.661201,2.60E-04,0.3380545,0.06941,0.843735,0.00352
0.66592,3.30E-04,0.4185445,0.06212,0.4518635,0.06338,0.6692275,2.40E-04,0.345374,0.06973,0.8510925,0.00352
0.6736435,4.70E-04,0.42586,0.06256,0.4591505,0.06448,0.6772685,2.30E-04,0.352715,0.06941,0.8584715,0.00354
0.681344,1.70E-04,0.433209,0.06301,0.466556,0.06599,0.685228,2.40E-04,0.360061,0.06985,0.86576,0.00334
0.689018,1.90E-04,0.4405515,0.06299,0.473952,0.06429,0.6931985,2.40E-04,0.367397,0.06957,0.8730735,0.00296
0.696695,2.00E-04,0.4478845,0.06318,0.481323,0.06599,0.7011735,2.20E-04,0.3747345,0.06948,0.880398,0.00317
0.7044035,1.80E-04,0.4552035,0.06283,0.4886765,0.06455,0.709175,1.90E-04,0.3819615,0.06742,0.887752,0.00334
0.712058,1.20E-04,0.462576,0.0646,0.4959855,0.06544,0.717118,2.30E-04,0.3891825,0.06964,0.8950645,0.00305
0.719711,1.90E-04,0.469966,0.06382,0.503311,0.06516,0.7250615,2.20E-04,0.396592,0.07124,0.9024105,0.0034
0.7273735,1.00E-04,0.4772835,0.06355,0.5106215,0.0655,0.733098,2.30E-04,0.404008,0.06946,0.9098005,0.00372
0.7350805,1.30E-04,0.4846515,0.06511,0.5180575,0.06752,0.741101,2.30E-04,0.411364,0.07065,0.917081,0.00396
0.7428155,2.40E-04,0.491981,0.06336,0.5254855,0.06569,0.7491375,2.40E-04,0.418721,0.06989,0.924377,0.00375
0.75056,1.80E-04,0.499285,0.06451,0.5328195,0.06636,0.7571475,2.20E-04,0.4260455,0.06951,0.931752,0.00344
0.758252,1.30E-04,0.506587,0.06357,0.540119,0.06517,0.7650965,2.10E-04,0.4333855,0.07,0.9391465,0.00301
0.765896,2.60E-04,0.5139775,0.06662,0.547412,0.06623,0.773051,2.10E-04,0.4407245,0.06993,0.946516,0.00314
0.773538,2.00E-04,0.5214135,0.06449,0.554746,0.06603,0.781052,2.10E-04,0.448055,0.07034,0.9538895,0.00338
0.7812555,2.20E-04,0.528755,0.06539,0.562039,0.06572,0.7890945,1.80E-04,0.455372,0.07099,0.961245,0.00341
0.789008,1.60E-04,0.5361035,0.06512,0.569315,0.0658,0.797071,2.00E-04,0.4627365,0.07049,0.9685845,0.00339
0.796684,2.00E-04,0.5434185,0.06492,0.576573,0.06569,0.805062,2.00E-04,0.470123,0.06991,0.975935,0.0032
0.804375,1.70E-04,0.550731,0.06524,0.583927,0.06807,0.8130205,1.80E-04,0.4774545,0.07032,0.9832265,0.00235
0.8120235,2.40E-04,0.558044,0.06531,0.5913365,0.06681,0.820965,2.10E-04,0.484828,0.07102,0.990514,0.00249
0.819674,2.00E-04,0.5653435,0.06514,0.598641,0.06609,0.828911,1.10E-04,0.4921685,0.06915,0.9978715,0.00261
0.8273135,1.80E-04,0.5726605,0.06577,0.6059345,0.06694,0.836812,2.30E-04,0.4994755,0.0707,1.005253,0.00273
0.834938,2.80E-04,0.5800215,0.06651,0.6132575,0.06694,0.844736,2.40E-04,0.506776,0.0695,1.0126045,0.00285
0.842563,1.00E-04,0.58741,0.06612,0.620609,0.06744,0.852744,2.30E-04,0.514173,0.07251,1.0196135,0.003
0.850251,1.70E-04,0.5947225,0.06519,0.6279295,0.06649,0.860755,9.00E-05,0.521609,0.07031,1.026545,0.003
0.857951,2.10E-04,0.602001,0.06595,0.6352705,0.06798,0.868686,2.10E-04,0.5289455,0.07082,1.033808,0.00299
0.8655735,1.90E-04,0.60932,0.06575,0.64265,0.06741,0.8766,1.60E-04,0.5363035,0.07068,1.04108,0.00308
0.8732235,1.60E-04,0.616658,0.06654,0.6499425,0.06662,0.8846025,1.40E-04,0.543624,0.07,1.048346,0.00325
0.8808905,3.00E-04,0.6239965,0.06612,0.657224,0.06732,0.8925795,1.70E-04,0.550933,0.07065,1.055735,0.00223
0.8885815,1.90E-04,0.631337,0.06654,0.664596,0.06852,0.9005585,1.60E-04,0.558252,0.07027,1.06308,0.00108
0.8962315,2.40E-04,0.6386915,0.06674,0.671982,0.06796,0.9085555,1.90E-04,0.565549,0.07022,1.0703545,0.00133
0.9039245,1.10E-04,0.646019,0.06665,0.6793275,0.06784,0.9164625,1.50E-04,0.572853,0.07061,1.077609,0.00209
0.911603,1.40E-04,0.653321,0.06609,0.68665,0.06763,0.9244175,1.90E-04,0.58021,0.07111,1.0848555,0.00241
0.9191875,1.40E-04,0.660631,0.06688,0.69396,0.06777,0.932452,1.70E-04,0.5876015,0.07131,1.0920855,0.00267
0.926823,1.10E-04,0.668023,0.06801,0.7012865,0.06791,0.940489,1.80E-04,0.594926,0.07003,1.099297,0.00295
0.9345755,2.10E-04,0.675427,0.06689,0.708623,0.06823,0.948458,1.90E-04,0.602221,0.07067,1.106552,0.00229
0.942324,2.20E-04,0.682765,0.06707,0.7159525,0.0679,0.9564215,1.90E-04,0.60953,0.0704,1.1138155,0.0023
0.9500275,1.90E-04,0.6900855,0.06691,0.723258,0.0676,0.9644495,1.70E-04,0.6168675,0.07135,1.121142,0.00259
0.9577185,1.70E-04,0.69743,0.06756,0.730623,0.06917,0.9724455,1.70E-04,0.624219,0.07053,1.1284415,0.00266
0.96538,1.30E-04,0.704813,0.0679,0.738017,0.0685,0.980425,2.20E-04,0.6315565,0.07138,1.135674,0.00303
0.9730675,2.00E-04,0.7121545,0.06697,0.745351,0.0681,0.9883785,1.70E-04,0.6388905,0.07046,1.142902,0.00282
0.9807255,1.50E-04,0.7194455,0.06674,0.752702,0.06897,0.9962835,2.00E-04,0.6462135,0.07092,1.150165,0.00251
0.9883765,1.30E-04,0.7267505,0.06745,0.7600455,0.06822,1.00431,2.10E-04,0.6535175,0.07009,1.1574965,0.00214
0.9960495,2.00E-04,0.7341415,0.06864,0.767384,0.06871,1.0123295,2.00E-04,0.6608255,0.07106,1.164822,0.0024
1.0037615,1.60E-04,0.741538,0.06729,0.774734,0.06868,1.019929,1.80E-04,0.668226,0.0724,1.1721685,0.00254
1.0114745,1.60E-04,0.7489195,0.06847,0.7821635,0.07036,1.027572,1.70E-04,0.67562,0.07083,1.1794515,0.00181
1.018822,1.50E-04,0.7562395,0.06654,0.789552,0.06783,1.0355315,2.00E-04,0.682943,0.07098,1.186611,0.00204
1.026165,1.70E-04,0.763524,0.06764,0.7968525,0.06902,1.0434725,1.50E-04,0.6902675,0.07084,1.193827,0.00198
1.033838,7.00E-05,0.770871,0.0678,0.804195,0.06862,1.051522,1.50E-04,0.697597,0.07086,1.2011855,0.00149
1.041454,1.10E-04,0.778202,0.06756,0.811483,0.06803,1.0595605,1.60E-04,0.7049475,0.07161,1.208535,0.00155
1.0491445,1.30E-04,0.7856265,0.06946,0.8187795,0.06898,1.0675355,1.60E-04,0.712288,0.07085,1.2157825,0.00143
1.056914,9.00E-05,0.793029,0.06736,0.8260805,0.06816,1.075484,8.00E-05,0.719588,0.07054,1.223043,0.001
1.0645945,1.70E-04,0.8003405,0.06794,0.8333575,0.06815,1.083446,4.10E-04,0.726877,0.0708,1.230293,0.0012
1.0722505,1.00E-05,0.8076555,0.06744,0.840668,0.06886,1.091415,2.00E-05,0.7342475,0.07239,1.237588,0.00179
1.0799245,1.10E-04,0.81497,0.06809,0.84802,0.06925,1.099353,1.80E-04,0.741631,0.07113,1.244906,0.00224
1.0875735,2.30E-04,0.8222685,0.0676,0.855416,0.06957,1.1072655,1.90E-04,0.748999,0.07214,1.252167,0.00193
1.095224,1.80E-04,0.829568,0.06829,0.862749,0.06851,1.1152045,1.20E-04,0.7563285,0.07045,1.259441,0.00161
1.102879,5.00E-05,0.8368905,0.06801,0.8700365,0.06909,1.1232845,1.50E-04,0.763619,0.07115,1.266747,0.00193
1.1104805,0.00E+00,0.8441615,0.06744,0.8773315,0.0684,1.131286,1.70E-04,0.770958,0.07133,1.2741105,0.00244
1.1181915,1.30E-04,0.8515245,0.06986,0.8846815,0.07036,1.139214,1.50E-04,0.77829,0.0713,1.2814015,0.00212
1.12592,1.50E-04,0.8588855,0.06754,0.8920505,0.06923,1.14715,1.80E-04,0.785729,0.0734,1.2886965,0.00222
1.1335255,6.00E-05,0.866148,0.06812,0.8994205,0.07002,1.1551195,1.50E-04,0.793141,0.07089,1.2960165,0.00255
1.1411565,4.00E-05,0.873449,0.06828,0.9068025,0.06955,1.1631075,1.80E-04,0.800451,0.07165,1.30327,0.00267
1.148846,8.00E-05,0.8807615,0.06819,0.91409,0.0686,1.171153,1.30E-04,0.807761,0.07054,1.310546,0.00232
1.15654,2.70E-04,0.888102,0.06898,0.9213775,0.06924,1.179177,1.70E-04,0.815079,0.0717,1.317865,0.00259
1.164231,-2.00E-05,0.8954465,0.06864,0.9286655,0.06868,1.1870245,1.70E-04,0.82241,0.07114,1.325232,0.00224
1.1719835,1.90E-04,0.90282,0.06945,0.936045,0.07127,1.1949215,1.70E-04,0.829715,0.07101,1.3325255,0.00222
1.1796625,2.40E-04,0.9101965,0.0686,0.943482,0.06951,1.202972,1.80E-04,0.8370215,0.07108,1.3397815,0.0027
1.1872085,1.10E-04,0.9174755,0.06732,0.9508125,0.06931,1.2109745,1.80E-04,0.8442965,0.07056,1.347064,0.00314
1.1948045,5.00E-05,0.9247515,0.06828,0.958129,0.0697,1.218951,1.80E-04,0.8516685,0.07286,1.35433,0.00256
1.2025505,1.90E-04,0.9321135,0.06928,0.965492,0.06997,1.2269315,1.90E-04,0.8590405,0.07071,1.361573,0.00168
1.210283,1.60E-04,0.9395095,0.06925,0.9728665,0.0699,1.2349435,1.30E-04,0.8663065,0.0708,1.3688125,0.00217
1.2179845,1.60E-04,0.9468445,0.06838,0.9801925,0.06938,1.242971,1.60E-04,0.8736175,0.07118,1.3760665,0.00176
1.225652,1.90E-04,0.9541825,0.0694,0.9874925,0.0693,1.2508815,1.80E-04,0.8809305,0.07116,1.3833365,0.00152
1.2332935,1.40E-04,0.9615275,0.06828,0.9947995,0.06967,1.2588145,1.50E-04,0.8882625,0.07177,1.390654,0.00166
1.241035,5.00E-05,0.9688615,0.06897,1.0021855,0.07118,1.266802,1.80E-04,0.895623,0.07144,1.3979585,0.00162
1.2487025,2.40E-04,0.976197,0.0684,1.009576,0.0695,1.274842,1.50E-04,0.903,0.07255,,
1.256325,6.00E-05,0.9834835,0.06844,1.016584,0.0708,1.282848,1.50E-04,0.9103705,0.07135,,
1.263987,2.30E-04,0.990781,0.06879,1.0235325,0.06926,1.2908375,1.70E-04,0.917666,0.0705,,
1.271709,8.00E-05,0.9981475,0.06974,1.030771,0.06955,1.298833,1.50E-04,0.9249565,0.07168,,
1.279436,1.80E-04,1.0055255,0.06933,1.038014,0.06857,1.3067775,1.70E-04,0.9323225,0.07204,,
1.287146,-1.60E-04,1.012865,0.06918,1.0452525,0.06941,1.314724,1.70E-04,0.939726,0.07271,,
1.2948415,2.50E-04,1.0198735,0.06986,1.0525985,0.07043,1.3227565,1.40E-04,0.9470515,0.07081,,
1.3024905,2.20E-04,1.0268295,0.06897,1.05994,0.0696,1.3307895,1.40E-04,0.954382,0.07242,,
1.3101485,2.20E-04,1.0340975,0.06872,1.067239,0.06974,1.338747,1.30E-04,0.9617355,0.0711,,
1.3178705,1.00E-04,1.041347,0.06814,1.0745115,0.06912,1.346734,1.40E-04,0.969078,0.07284,,
1.3256335,5.00E-05,1.048632,0.06994,1.081756,0.06957,1.3547155,1.50E-04,0.97643,0.07165,,
1.333297,1.00E-04,1.055995,0.06943,1.089022,0.06902,1.3626695,1.50E-04,0.9837305,0.071,,
1.3409375,1.30E-04,1.0633095,0.06868,1.0962765,0.06944,1.3705995,1.60E-04,0.9910385,0.07181,,
1.3486225,2.20E-04,1.0706,0.06908,1.1035195,0.06895,1.3785185,1.50E-04,0.9984045,0.07187,,
1.3562845,-9.00E-05,1.077854,0.0689,1.110764,0.06937,1.3865185,1.70E-04,1.005796,0.07187,,
1.3639325,3.30E-04,1.085097,0.06937,1.1181055,0.07101,1.394548,1.40E-04,1.0131445,0.07161,,
1.3715525,9.00E-05,1.092335,0.06797,1.125452,0.06924,1.4025155,1.20E-04,1.020138,0.07281,,
1.379175,1.20E-04,1.0995615,0.06859,1.132699,0.06954,,,1.0270965,0.07117,,
1.386879,1.20E-04,1.1067975,0.06825,1.1399465,0.06998,,,,,,
1.394609,1.60E-04,1.114033,0.06925,1.147183,0.06907,,,,,,
1.402268,6.00E-05,1.121365,0.07017,1.154463,0.07082,,,,,,
,,1.1286855,0.06899,1.1617485,0.06894,,,,,,
,,1.135921,0.06898,1.169115,0.07233,,,,,,
,,1.1431435,0.06836,1.176466,0.06877,,,,,,
,,1.1504385,0.07008,1.183624,0.06842,,,,,,
,,1.157767,0.06882,1.190805,0.0691,,,,,,
,,1.1650815,0.07042,1.1980415,0.07034,,,,,,
,,1.1724515,0.06976,,,,,,,,
,,1.179749,0.06862,,,,,,,,
,,1.186914,0.06757,,,,,,,,
,,,,,,,,,,,
,,,,,,,,,,,
,,,,,,,,,,,
,,,,,,,,,,,
,,,,,,,,,,,
,,,,,,,,,,,
,,,,,,,,,,,
,,,,,,,,,,,
,,,,,,,,,,,
,,,,,,,,,,,
,,,,,,,,,,,
,,,,,,,,,,,
,,,,,,,,,,,
,,,,,,,,,,,
,,,,,,,,,,,
,,,,,,,,,,,
,,,,,,,,,,,
,,,,,,,,,,,
,,,,,,,,,,,
,,,,,,,,,,,
,,,,,,,,,,,
,,,,,,,,,,,
,,,,,,,,,,,
,,,,,,,,,,,
,,,,,,,,,,,
,,,,,,,,,,,
,,,,,,,,,,,
,,,,,,,,,,,
,,,,,,,,,,,
,,,,,,,,,,,
,,,,,,,,,,,
,,,,,,,,,,,
,,,,,,,,,,,
,,,,,,,,,,,
